response,term,estimate,std.error,statistic,p.value
cell abundance,I(rgnd^2),22.004346523890238,3.4850349329457346,6.313952929387427,2.9203891664074803e-6
cell area,I(rgnd^2),693.6006942384244,85.29322159169477,8.1319556383829,6.329045000668845e-8
toc,(Intercept),0.17652313566883907,0.36939852155214886,0.47786638378280266,0.638197062544943
toc,rgnd,15.810310022433857,2.1550458467833433,7.336414696714033,5.916540993857169e-7
tn,(Intercept),17.359034981878285,8.13878331933533,2.1328783800692146,0.04619641495200297
tn,rgnd,364.57417848403713,47.48110825269525,7.67829968381882,3.0664535073188933e-7
